time,metar
2025-04-16T05:30Z,VOMM 160530Z 03008KT 2000 -TSRA SCT020 FEW025CB SCT100 29/25 Q1011 TEMPO 1500 TSRA
2025-04-16T06:00Z,COR VOMM 160600Z 05012G22KT 2000 -TSRA SCT016 FEW025CB BKN080 25/23 Q1012 TEMPO 1500 TSRA
2025-04-16T06:30Z,VOMM 160630Z 10008KT 2000 -TSRA SCT016 FEW025CB BKN080 25/23 Q1012 TEMPO 1500 TSRA
2025-04-16T07:00Z,VOMM 160700Z 18014KT 3000 -TSRA SCT016 FEW025CB BKN080 25/23 Q1009 NOSIG
2025-04-16T07:30Z,VOMM 160730Z 22006KT 3000 -TSRA SCT018 FEW025CB BKN080 25/23 Q1008 NOSIG
2025-04-16T08:00Z,VOMM 160800Z 21008KT 3500 -TSRA SCT018 FEW025CB BKN080 26/24 Q1007 BECMG 5000 -TSRA
2025-05-04T10:30Z,VOMM 041030Z 34018KT 2500 -TSRA SCT020 FEW025CB SCT100 29/23 Q1005 TEMPO 1500 +TSRA
2025-05-04T11:00Z,VOMM 041100Z 03015KT 2000 TSRA SCT015 FEW025CB BKN080 26/21 Q1005 TEMPO 1500 +TSRA
2025-05-04T11:30Z,VOMM 041130Z 18014KT 2000 TSRA SCT015 FEW025CB BKN080 26/24 Q1005 BECMG 3000 -TSRA
2025-05-04T12:00Z,VOMM 041200Z 19010KT 2500 -TSRA SCT015 FEW025CB BKN080 28/25 Q1004 BECMG 3000 -TSRA
2025-05-04T14:00Z,VOMM 041400Z 35003KT 3500 -TSRA SCT015 FEW025CB BKN080 27/24 Q1007 TEMPO 3000 TSRA
2025-05-04T14:30Z,VOMM 041430Z VRB03KT 3500 -TSRA SCT015 FEW025CB BKN080 27/24 Q1007 TEMPO 3000 TSRA
2025-05-04T15:00Z,VOMM 041500Z 12012KT 3000 -TSRA SCT015 FEW025CB BKN080 27/25 Q1007 TEMPO 1500 +TSRA
2025-05-04T15:30Z,VOMM 041530Z 13008KT 3000 -TSRA SCT015 FEW025CB BKN080 27/25 Q1008 TEMPO 1500 TSRA
2025-05-04T16:00Z,VOMM 041600Z 13012KT 3000 -TSRA SCT015 FEW025CB BKN080 28/25 Q1008 TEMPO 1500 TSRA
2025-05-04T16:30Z,VOMM 041630Z 15008KT 3000 -TSRA SCT015 FEW025CB BKN080 28/25 Q1008 BECMG 5000 -RA
2025-05-06T14:30Z,VOMM 061430Z 17008KT 5000 TS BR FEW018 FEW025CB SCT080 31/28 Q1006 TEMPO 3000 -TSRA
2025-05-06T15:00Z,VOMM 061500Z 27010KT 5000 TS BR FEW018 FEW025CB SCT080 31/28 Q1007 TEMPO 3000 -TSRA
2025-05-06T15:30Z,VOMM 061530Z 33010G20KT 5000 TS BR SCT018 FEW025CB BKN080 28/21 Q1008 TEMPO 3000 -TSRA
2025-05-06T16:00Z,VOMM 061600Z 19012KT 4000 -TSRA SCT018 FEW025CB BKN080 28/24 Q1006 TEMPO 3000 -TSRA
2025-05-06T16:30Z,VOMM 061630Z 21010KT 4000 TS BR SCT018 FEW025CB BKN080 29/24 Q1006 NOSIG
2025-05-06T18:00Z,VOMM 061800Z 21010KT 4000 -TSRA SCT018 FEW025CB BKN080 28/22 Q1008 TEMPO 3000 TSRA
2025-05-06T18:30Z,VOMM 061830Z 24011KT 4000 -TSRA SCT018 FEW025CB BKN080 27/23 Q1008 TEMPO 3000 TSRA
2025-05-06T19:00Z,VOMM 061900Z 31012KT 4000 -TSRA SCT018 FEW025CB BKN080 27/24 Q1008 TEMPO 3000 TSRA
2025-05-06T19:30Z,VOMM 061930Z 32012KT 4000 -TSRA SCT018 FEW025CB BKN080 26/24 Q1007 TEMPO 3000 TSRA
2025-05-06T20:00Z,VOMM 062000Z 30010KT 4000 -TSRA SCT018 FEW025CB BKN080 26/23 Q1006 NOSIG
2025-05-11T08:30Z,VOMM 110830Z 29006KT 5000 TS HZ SCT018 FEW025CB SCT080 31/24 Q1005 TEMPO 3000 -TSRA
2025-05-11T09:00Z,VOMM 110900Z 32010G20KT 4000 TS HZ SCT015 FEW025CB BKN080 30/22 Q1004 TEMPO 3000 -TSRA
2025-05-19T10:00Z,VOMM 191000Z 04006KT 5000 TS SCT015 FEW025CB BKN080 33/26 Q1001 TEMPO 3000 -TSRA
2025-05-19T10:30Z,VOMM 191030Z 04006KT 5000 TS HZ SCT015 FEW025CB BKN080 33/27 Q1001 TEMPO 3000 -TSRA
2025-05-19T11:00Z,VOMM 191100Z 35006KT 5000 TS HZ SCT015 FEW025CB BKN080 32/26 Q1001 TEMPO 3000 -TSRA
2025-05-20T09:30Z,VOMM 200930Z 14010KT 3000 -TSRA SCT020 FEW025CB BKN080 31/28 Q1001 TEMPO 1500 TSRA
2025-05-20T10:00Z,VOMM 201000Z 15009KT 3000 -TSRA SCT016 FEW025CB BKN080 30/27 Q1001 TEMPO 1500 TSRA
2025-05-20T10:30Z,VOMM 201030Z 16011KT 3000 -TSRA SCT016 FEW025CB BKN080 30/27 Q1001 TEMPO 1500 TSRA
2025-05-20T11:00Z,VOMM 201100Z 18009KT 3000 -TSRA SCT016 FEW025CB BKN080 29/27 Q1001 NOSIG
2025-05-20T11:30Z,VOMM 201130Z 18006KT 3000 -TSRA SCT016 FEW025CB BKN080 29/26 Q1001 BECMG 5000 -TSRA
2025-05-20T12:00Z,VOMM 201200Z 18006KT 4000 -TSRA SCT016 FEW025CB BKN080 29/26 Q1001 NOSIG
2025-05-20T13:00Z,VOMM 201300Z 24010KT 3500 -TSRA SCT016 FEW025CB BKN080 29/27 Q1002 TEMPO 3000 -TSRA
2025-05-20T13:30Z,VOMM 201330Z 28013KT 2000 TSRA SCT016 FEW025CB BKN080 28/25 Q1003 TEMPO 1500 TSRA
2025-05-20T14:00Z,VOMM 201400Z 31004KT 2500 -TSRA SCT016 FEW025CB BKN080 27/25 Q1003 TEMPO 1500 TSRA
2025-05-20T14:30Z,VOMM 201430Z VRB02KT 2500 TS SCT016 FEW025CB BKN080 27/25 Q1004 BECMG 3000 -TSRA
2025-05-23T16:00Z,VOMM 231600Z 18007KT 1500 R07/2000 R25/2000 TSRA SCT020 FEW025CB BKN100 26/24 Q1003 NOSIG
2025-05-23T16:30Z,VOMM 231630Z 19008KT 3000 -TS DZ SCT020 FEW025CB BKN100 27/25 Q1004 BECMG 5000 -DZ
2025-05-23T17:00Z,VOMM 231700Z 20004KT 5000 -TS DZ SCT020 FEW025CB BKN100 27/25 Q1003 NOSIG
2025-05-25T15:30Z,VOMM 251530Z 22008KT 5000 -TS DZ FEW018 FEW025CB BKN080 28/24 Q1005 NOSIG
2025-06-03T14:00Z,VOMM 031400Z 08013KT 4000 -TSRA SCT016 FEW025CB BKN080 30/25 Q1005 TEMPO 3000 TSRA
2025-06-03T14:30Z,VOMM 031430Z 15010KT 4000 TS DZ SCT016 FEW025CB BKN080 30/26 Q1005 TEMPO 3000 TSRA
2025-06-03T15:00Z,VOMM 031500Z 13005KT 4000 TS BR SCT018 FEW025CB SCT080 30/26 Q1006 NOSIG
2025-06-04T13:30Z,VOMM 041330Z 14005KT 4000 TS SCT018 FEW025CB SCT080 33/26 Q1005 TEMPO 3000 -TSRA
2025-06-04T14:00Z,VOMM 041400Z 05009KT 4000 TS SCT018 FEW025CB SCT080 30/24 Q1006 TEMPO 3000 -TSRA
2025-06-04T14:30Z,VOMM 041430Z 09009KT 4000 TS SCT018 FEW025CB SCT080 30/24 Q1006 NOSIG
2025-06-08T09:30Z,VOMM 080930Z 34015G25KT 3000 -TSRA SCT018 FEW025CB BKN080 31/23 Q1003 TEMPO 1500 TSRA
2025-06-09T10:00Z,VOMM 091000Z 04015G25KT 5000 TS -DZ SCT018 FEW025CB BKN080 31/24 Q1002 TEMPO 3000 TSRA
2025-06-09T10:30Z,VOMM 091030Z 06010G20KT 5000 TS BR SCT018 FEW025CB BKN080 30/23 Q1002 TEMPO 3000 TSRA
2025-06-10T11:30Z,VOMM 101130Z 35010G20KT 3000 -TSRA SCT020 FEW025CB BKN100 28/24 Q1000 TEMPO 1500 TSRA
2025-06-10T12:00Z,VOMM 101200Z 08005KT 3000 -TSRA SCT020 FEW025CB BKN100 27/24 Q1000 NOSIG
2025-06-10T12:30Z,VOMM 101230Z 16012KT 3000 TS -DZ SCT020 FEW025CB BKN100 28/25 Q1000 BECMG 5000 BR
2025-06-11T14:30Z,VOMM 111430Z 21006KT 5000 TS BR SCT018 FEW025CB BKN080 33/27 Q1000 TEMPO 3000 -TSRA
2025-06-11T15:00Z,VOMM 111500Z 21012KT 5000 TS BR SCT018 FEW025CB BKN080 30/24 Q1001 TEMPO 3000 -TSRA
2025-06-11T15:30Z,VOMM 111530Z 23010KT 5000 TS BR SCT018 FEW025CB BKN080 29/24 Q1001 NOSIG
2025-06-11T16:00Z,VOMM 111600Z 22010KT 5000 TS BR SCT018 FEW025CB BKN080 28/24 Q1002 NOSIG
2025-06-11T16:30Z,VOMM 111630Z 23008KT 5000 TS BR SCT018 FEW025CB BKN080 28/24 Q1002 NOSIG
2025-06-11T17:30Z,VOMM 111730Z 20011KT 5000 TS BR SCT018 FEW025CB BKN080 28/25 Q1002 NOSIG
2025-06-11T18:00Z,VOMM 111800Z 20011KT 5000 -TSRA SCT018 FEW025CB BKN080 28/25 Q1002 TEMPO 3000 TSRA
2025-06-12T13:30Z,VOMM 121330Z 02007KT 4000 TS BR SCT018 FEW025CB BKN080 30/26 Q1000 TEMPO 3000 -TSRA
2025-06-12T18:00Z,VOMM 121800Z 30011KT 4000 -TSRA SCT018 FEW025CB BKN080 27/25 Q1003 TEMPO 3000 TSRA
2025-06-12T18:30Z,VOMM 121830Z 26010KT 4000 TS BR SCT018 FEW025CB BKN080 27/25 Q1002 TEMPO 3000 TSRA
2025-06-20T16:30Z,VOMM 201630Z 23010G20KT 1500 R07/2000 R25/2000 TSRA SCT018 FEW025CB SCT080 26/24 Q1007 BECMG 3000 -TSRA
2025-06-22T16:30Z,VOMM 221630Z 27010G25KT 4000 TS BR SCT018 FEW025CB BKN080 29/23 Q1007 TEMPO 3000 -TSRA
2025-06-22T17:00Z,VOMM 221700Z 24010KT 4000 TS BR SCT018 FEW025CB SCT080 28/24 Q1008 NOSIG
2025-06-22T17:30Z,VOMM 221730Z 23009KT 4000 -TSRA SCT018 FEW025CB BKN080 27/23 Q1008 NOSIG
2025-07-02T11:30Z,VOMM 021130Z 18010KT 4000 -TSRA SCT016 FEW025CB BKN080 33/26 Q1002 TEMPO 3000 -TSRA
2025-07-02T14:30Z,VOMM 021430Z 25015G25KT 3000 -TSRA SCT018 FEW025CB BKN080 30/25 Q1005 TEMPO 1500 TSRA
2025-07-02T15:00Z,VOMM 021500Z 29012KT 3000 -TSRA SCT018 FEW025CB BKN080 27/24 Q1006 NOSIG
2025-07-02T15:30Z,VOMM 021530Z 34005KT 3000 TS BR SCT018 FEW025CB BKN080 27/24 Q1006 BECMG 5000 BR
2025-07-08T14:30Z,VOMM 081430Z 16008KT 5000 TS BR SCT018 FEW025CB BKN080 31/26 Q1004 TEMPO 3000 -TSRA
2025-07-08T15:00Z,VOMM 081500Z 25010G20KT 5000 TS BR SCT018 FEW025CB BKN080 30/25 Q1006 TEMPO 3000 -TSRA
2025-07-08T15:30Z,VOMM 081530Z 21010KT 3000 -TSRA SCT018 FEW025CB BKN080 27/24 Q1005 NOSIG
2025-07-08T16:30Z,VOMM 081630Z 01005KT 4000 TS BR SCT018 FEW025CB BKN080 28/24 Q1007 NOSIG
2025-07-08T17:00Z,VOMM 081700Z VRB02KT 4000 TS BR SCT018 FEW025CB BKN080 27/24 Q1007 NOSIG
2025-07-08T18:00Z,VOMM 081800Z 12005KT 4000 TS BR SCT018 FEW025CB BKN080 28/25 Q1007 NOSIG
2025-07-08T18:30Z,VOMM 081830Z 14004KT 4000 TS BR SCT018 FEW025CB BKN080 28/25 Q1007 BECMG 5000 BR
2025-07-08T19:00Z,VOMM 081900Z 05005KT 5000 TS BR SCT018 FEW025CB BKN100 28/25 Q1007 NOSIG
2025-07-08T19:30Z,VOMM 081930Z 04005KT 5000 TS BR SCT018 FEW025CB BKN100 27/25 Q1006 NOSIG
2025-07-08T20:00Z,VOMM 082000Z 11007KT 5000 TS BR SCT018 FEW025CB BKN100 27/25 Q1006 NOSIG
2025-07-11T17:30Z,VOMM 111730Z 26010G20KT 3000 -TSRA SCT018 FEW025CB BKN080 26/24 Q1006 TEMPO 1500 +TSRA
2025-07-11T18:00Z,VOMM 111800Z 30007KT 3000 -TSRA SCT018 FEW025CB BKN080 26/24 Q1006 TEMPO 1500 +TSRA
2025-07-11T18:30Z,VOMM 111830Z 29004KT 3000 -TSRA SCT018 FEW025CB BKN080 27/25 Q1006 NOSIG
2025-07-14T11:30Z,VOMM 141130Z 25010G25KT 1500 R07/1800 R25/1800 TSRA SCT018 FEW025CB BKN080 27/24 Q1003 TEMPO 0800 TSRA
2025-07-14T12:00Z,VOMM 141200Z 19006KT 2500 -TSRA SCT018 FEW025CB BKN080 28/25 Q1002 NOSIG
2025-07-14T16:00Z,COR VOMM 141600Z 26010KT 3000 -TSRA SCT020 FEW025CB BKN100 27/25 Q1006 NOSIG
2025-07-14T16:30Z,VOMM 141630Z 35004KT 3000 -TSRA SCT020 FEW025CB BKN100 27/25 Q1006 BECMG 5000 BR
2025-07-14T17:00Z,VOMM 141700Z 12007KT 4000 -TSRA SCT020 FEW025CB BKN100 27/25 Q1007 NOSIG
2025-07-16T19:30Z,VOMM 161930Z 27010G25KT 5000 TS BR SCT018 FEW025CB SCT100 28/24 Q1003 NOSIG
2025-07-16T20:00Z,VOMM 162000Z 26010G20KT 5000 TS BR SCT018 FEW025CB SCT100 28/24 Q1003 NOSIG
2025-07-16T20:30Z,VOMM 162030Z 27010KT 5000 TS BR SCT018 FEW025CB SCT100 28/23 Q1003 NOSIG
2025-07-16T21:00Z,VOMM 162100Z 28010KT 5000 TS BR SCT020 FEW025CB SCT100 28/24 Q1003 NOSIG
2025-07-17T13:00Z,VOMM 171300Z 28010KT 3000 TS BR SCT018 FEW025CB BKN080 29/26 Q1003 BECMG 5000 DZ BR
2025-07-17T21:00Z,VOMM 172100Z 24010KT 4000 -TSRA SCT018 FEW025CB BKN080 27/25 Q1004 TEMPO 3000 TSRA
2025-07-17T21:30Z,VOMM 172130Z 23010KT 4000 -TSRA SCT018 FEW025CB BKN080 27/25 Q1004 TEMPO 3000 TSRA
2025-07-17T22:00Z,VOMM 172200Z 23008KT 3000 TSRA SCT018 FEW025CB BKN080 27/25 Q1004 NOSIG
2025-07-17T22:30Z,VOMM 172230Z 25008KT 3000 TSRA SCT018 FEW025CB BKN080 26/24 Q1004 NOSIG
2025-07-17T23:00Z,VOMM 172300Z 26006KT 3000 TSRA SCT018 FEW025CB BKN080 26/25 Q1004 BECMG 5000 -TSRA
2025-07-17T23:30Z,VOMM 172330Z 26008KT 4000 -TSRA SCT018 FEW025CB BKN080 26/24 Q1004 NOSIG
2025-07-18T18:00Z,VOMM 181800Z 29010G20KT 1500 R07/2000 R25/2000 TSRA SCT018 FEW025CB BKN080 26/23 Q1004 TEMPO 0800 +TSRA
2025-07-18T18:30Z,VOMM 181830Z 24004KT 1500 R07/2000 R25/2000 TSRA SCT018 FEW025CB BKN080 25/23 Q1004 NOSIG
2025-07-18T19:00Z,VOMM 181900Z 19003KT 3000 -TSRA SCT018 FEW025CB BKN080 25/24 Q1004 BECMG 5000 -DZ
2025-07-19T10:30Z,VOMM 191030Z 34009KT 5000 TS HZ SCT018 FEW025CB BKN100 33/26 Q1000 TEMPO 3000 TSRA
2025-07-19T11:00Z,VOMM 191100Z 35010KT 3000 TSRA SCT018 FEW025CB BKN080 28/25 Q1000 TEMPO 1500 +TSRA
2025-08-03T07:30Z,VOMM 030730Z 26008G18KT 2500 -TSRA BR SCT020 FEW025CB BKN100 30/27 Q1005 TEMPO 1500 TSRA
2025-08-05T17:30Z,VOMM 051730Z 19008KT 6000 TS FEW020 FEW025CB 29/26 Q1006 BECMG 5000 BR
2025-08-05T18:00Z,VOMM 051800Z 19008KT 5000 TS BR SCT020 FEW025CB 29/26 Q1006 NOSIG
2025-08-05T18:30Z,VOMM 051830Z 19007KT 5000 TS BR SCT020 FEW025CB 29/26 Q1006 NOSIG
2025-08-05T19:00Z,VOMM 051900Z 18007KT 5000 TS BR SCT020 FEW025CB 29/26 Q1006 NOSIG
2025-08-05T19:30Z,VOMM 051930Z 20006KT 5000 TS BR SCT020 FEW025CB 29/26 Q1005 NOSIG
2025-08-05T20:00Z,VOMM 052000Z 22005KT 5000 TS BR SCT020 FEW025CB 29/26 Q1005 NOSIG
2025-08-05T20:30Z,VOMM 052030Z 26007KT 5000 TS BR SCT020 FEW025CB 29/26 Q1005 NOSIG
2025-08-05T21:00Z,VOMM 052100Z 29015KT 5000 TS SCT018 FEW025CB BKN080 28/25 Q1005 TEMPO 3000 -TSRA
2025-08-07T22:30Z,VOMM 072230Z 29007KT 4000 TS SCT018 FEW025CB BKN080 26/23 Q1004 TEMPO 3000 -TSRA
2025-08-07T23:00Z,VOMM 072300Z 30007KT 4000 TS SCT018 FEW025CB BKN080 26/23 Q1004 NOSIG
2025-08-10T13:00Z,VOMM 101300Z 23008G18KT 4000 -TSRA SCT018 FEW025CB BKN080 26/24 Q1007 TEMPO 3000 TSRA
2025-08-10T13:30Z,VOMM 101330Z 24008KT 4000 -TSRA SCT018 FEW025CB BKN080 26/24 Q1007 NOSIG
2025-08-10T14:00Z,VOMM 101400Z 27009KT 4000 -TSRA SCT018 FEW025CB BKN080 25/24 Q1008 NOSIG
2025-08-10T14:30Z,VOMM 101430Z 29012KT 4000 -TSRA SCT018 FEW025CB BKN080 25/24 Q1008 NOSIG
2025-08-10T15:00Z,VOMM 101500Z 29010KT 4000 -TSRA SCT018 FEW025CB BKN080 25/24 Q1009 NOSIG
2025-08-13T19:00Z,VOMM 131900Z 19003KT 5000 TS BR SCT018 FEW025TCU SCT100 28/24 Q1005 NOSIG
2025-08-13T19:30Z,VOMM 131930Z 21005KT 5000 TS BR SCT018 FEW025CB BKN100 27/24 Q1005 NOSIG
2025-08-13T20:00Z,VOMM 132000Z 19005KT 5000 TS BR SCT018 FEW025CB BKN100 27/24 Q1004 NOSIG
2025-08-16T15:00Z,VOMM 161500Z 22008KT 4000 -TS DZ SCT018 FEW025CB BKN100 27/24 Q1002 NOSIG
2025-08-17T13:00Z,VOMM 171300Z 26015G25KT 4000 -TSRA SCT018 FEW025CB BKN080 26/23 Q1003 TEMPO 3000 TSRA
2025-08-17T13:30Z,COR VOMM 171330Z 25005KT 4000 -TSRA SCT018 FEW025CB BKN080 25/23 Q1003 TEMPO 3000 TSRA
2025-08-17T14:00Z,VOMM 171400Z 20006KT 4000 -TSRA SCT018 FEW025CB BKN080 25/23 Q1004 NOSIG
2025-08-21T22:30Z,VOMM 212230Z 22004KT 5000 TS BR SCT020 FEW025CB BKN100 29/26 Q1007 NOSIG
2025-08-21T23:00Z,VOMM 212300Z 18006KT 5000 TS BR SCT020 FEW025CB BKN100 29/26 Q1007 NOSIG
2025-08-21T23:30Z,VOMM 212330Z 19008KT 5000 TS BR SCT020 FEW025CB BKN100 29/25 Q1008 NOSIG
2025-08-22T00:00Z,VOMM 220000Z 09008KT 5000 -TSRA SCT018 FEW025CB BKN080 28/24 Q1008 TEMPO 3000 -TSRA
2025-08-22T00:30Z,VOMM 220030Z 15010G20KT 1500 R07/2000 R25/2000 TSRA SCT018 FEW025CB BKN080 26/24 Q1009 NOSIG
2025-08-22T01:00Z,VOMM 220100Z 18014KT 1500 R07/2000 R25/2000 -TSRA SCT018 FEW025CB BKN080 26/24 Q1009 BECMG 3000 -TSRA
2025-08-22T13:00Z,VOMM 221300Z VRB03KT 5000 TS BR SCT020 FEW025CB SCT100 31/27 Q1006 TEMPO 3000 -TSRA
2025-08-22T13:30Z,VOMM 221330Z 31010G20KT 5000 TS BR SCT018 FEW025CB BKN100 28/23 Q1007 TEMPO 3000 -TSRA
2025-08-22T14:00Z,VOMM 221400Z 34010KT 4000 -TSRA SCT018 FEW025CB BKN080 27/23 Q1007 TEMPO 3000 TSRA
2025-08-22T14:30Z,VOMM 221430Z 22006KT 4000 -TSRA SCT018 FEW025CB BKN080 27/23 Q1007 NOSIG
2025-08-22T15:00Z,VOMM 221500Z 13006KT 4000 TS BR SCT018 FEW025CB BKN080 26/24 Q1008 NOSIG
2025-08-22T15:30Z,VOMM 221530Z 11006KT 4000 -TSRA SCT018 FEW025CB BKN080 26/23 Q1009 NOSIG
2025-08-22T20:00Z,VOMM 222000Z VRB02KT 4000 -TSRA SCT018 FEW025CB BKN080 28/26 Q1007 TEMPO 3000 -TSRA
2025-08-22T20:30Z,VOMM 222030Z 27010KT 4000 -TSRA SCT018 FEW025CB BKN080 27/25 Q1007 TEMPO 3000 -TSRA
2025-08-22T21:00Z,VOMM 222100Z 30012KT 1800 TSRA SCT018 FEW025CB BKN080 27/25 Q1007 TEMPO 1500 TSRA
2025-08-22T21:30Z,VOMM 222130Z 31012KT 2000 TSRA SCT016 FEW025CB BKN080 25/25 Q1007 TEMPO 1500 TSRA
2025-08-22T22:00Z,VOMM 222200Z 28010G20KT 2000 TSRA SCT016 FEW025CB BKN080 25/23 Q1007 TEMPO 1500 TSRA
2025-08-22T22:30Z,VOMM 222230Z 30012KT 2000 TSRA SCT016 FEW025CB BKN080 24/23 Q1008 NOSIG
2025-08-22T23:00Z,VOMM 222300Z 29013KT 2000 TSRA SCT016 FEW025CB BKN080 24/22 Q1008 BECMG 3000 -TSRA
2025-08-22T23:30Z,VOMM 222330Z 29011KT 2500 -TSRA SCT016 FEW025CB BKN080 24/22 Q1008 NOSIG
2025-08-23T00:00Z,VOMM 230000Z 30009KT 2500 -TSRA SCT016 FEW025CB BKN080 24/22 Q1008 TEMPO 1500 TSRA
2025-08-23T00:30Z,VOMM 230030Z 32009KT 2500 -TSRA SCT016 FEW025CB BKN080 24/22 Q1008 NOSIG
2025-08-23T01:00Z,VOMM 230100Z 01011KT 2500 -TSRA SCT016 FEW025CB BKN080 23/22 Q1008 BECMG 3000 -TSRA
2025-08-23T01:30Z,VOMM 230130Z 35006KT 3000 -TSRA SCT016 FEW025CB BKN080 24/22 Q1009 NOSIG
2025-08-23T02:00Z,VOMM 230200Z 35007KT 3000 -TSRA SCT016 FEW025CB BKN080 24/22 Q1009 NOSIG
2025-08-27T16:00Z,VOMM 271600Z 20007KT 5000 TS BR SCT018 FEW025CB BKN080 30/26 Q1006 NOSIG
2025-08-27T16:30Z,VOMM 271630Z 20008KT 5000 TS BR SCT018 FEW025CB BKN100 30/26 Q1006 NOSIG
2025-08-27T17:30Z,VOMM 271730Z 23006KT 5000 TS BR SCT018 FEW025CB BKN100 30/26 Q1005 NOSIG
2025-08-30T18:00Z,VOMM 301800Z 33012KT 3000 -TSRA SCT018 FEW025TCU BKN080 27/25 Q1008 TEMPO 1500 TSRA
2025-08-30T18:30Z,VOMM 301830Z 33008KT 1500 -TSRA SCT018 FEW025TCU BKN080 25/23 Q1008 BECMG 3000 -TSRA
2025-08-30T19:00Z,VOMM 301900Z 03006KT 4000 -TSRA SCT018 FEW025TCU BKN080 25/24 Q1008 NOSIG
2025-08-30T19:30Z,VOMM 301930Z 03005KT 4000 -TSRA SCT018 FEW025TCU BKN080 25/24 Q1007 NOSIG
2025-08-30T20:00Z,VOMM 302000Z VRB02KT 4000 -TSRA SCT018 FEW025TCU BKN080 26/24 Q1007 NOSIG
2025-08-31T18:30Z,VOMM 311830Z 30010KT 3000 TSRA SCT018 FEW025CB BKN080 28/26 Q1006 TEMPO 1500 +TSRA
2025-08-31T19:00Z,VOMM 311900Z 28007KT 3000 -TSRA SCT018 FEW025CB BKN080 27/25 Q1006 NOSIG
2025-09-06T19:30Z,VOMM 061930Z 23010KT 5000 TS BR SCT020 FEW025CB SCT100 30/27 Q1007 TEMPO 3000 -TSRA
2025-09-06T20:00Z,VOMM 062000Z 26012KT 5000 TS BR SCT018 FEW025CB BKN080 29/26 Q1007 TEMPO 3000 -TSRA
2025-09-06T20:30Z,VOMM 062030Z 28014KT 4000 -TSRA SCT018 FEW025CB BKN080 29/25 Q1007 TEMPO 3000 TSRA
2025-09-06T21:00Z,VOMM 062100Z 22008KT 2000 -TSRA SCT018 FEW025CB BKN080 26/24 Q1007 BECMG 3000 -TSRA
2025-09-06T21:30Z,VOMM 062130Z VRB02KT 3000 TS BR SCT018 FEW025CB BKN080 26/25 Q1006 BECMG 5000 BR
2025-09-10T11:30Z,VOMM 101130Z 16007KT 5000 TS BR SCT020 FEW025CB BKN100 30/26 Q1004 NOSIG
2025-09-10T12:00Z,VOMM 101200Z 18004KT 5000 TS BR SCT020 FEW025CB SCT100 30/26 Q1004 NOSIG
2025-09-13T05:00Z,VOMM 130500Z 23004KT 4000 -TSRA SCT018 FEW025CB OVC080 27/25 Q1008 TEMPO 3000 TSRA
2025-09-13T23:30Z,VOMM 132330Z 35007KT 3500 TS BR SCT018 FEW025CB BKN080 28/26 Q1007 NOSIG
2025-09-14T00:00Z,VOMM 140000Z 35005KT 3500 TS BR SCT018 FEW025CB BKN080 27/25 Q1007 NOSIG
2025-09-15T21:00Z,COR VOMM 152100Z 21006KT 5000 -TS DZ SCT018 FEW025CB BKN080 30/27 Q1005 TEMPO 3000 -TSRA
2025-09-15T21:30Z,VOMM 152130Z 26015G25KT 4000 -TSRA SCT018 FEW025CB BKN080 26/24 Q1006 TEMPO 3000 -TSRA
2025-09-15T22:00Z,VOMM 152200Z 24008G18KT 3000 TSRA SCT015 FEW025CB BKN080 25/23 Q1007 TEMPO 1500 +TSRA
2025-09-15T22:30Z,VOMM 152230Z 30004KT 3000 TSRA SCT015 FEW025CB BKN080 25/23 Q1007 TEMPO 1500 +TSRA
2025-09-15T23:00Z,VOMM 152300Z 30004KT 3000 -TSRA SCT015 FEW025CB BKN080 25/24 Q1007 NOSIG
2025-09-15T23:30Z,VOMM 152330Z 30004KT 3000 -TSRA SCT015 FEW025CB BKN080 25/23 Q1007 NOSIG
2025-09-16T22:00Z,COR VOMM 162200Z 27010G20KT 5000 -TSRA SCT018 FEW025CB BKN080 26/24 Q1006 TEMPO 3000 -TSRA
2025-09-16T22:30Z,COR VOMM 162230Z 28008KT 5000 -TSRA SCT018 FEW025CB BKN080 26/24 Q1006 TEMPO 3000 TSRA
2025-09-18T13:00Z,VOMM 181300Z 31010G20KT 1500 R07/1800 R25/1800 +TSRA SCT016 FEW025CB BKN080 26/24 Q1006 TEMPO 0800 +TSRA
2025-09-18T13:30Z,VOMM 181330Z 12007KT 1500 R07/2000 R25/2000 +TSRA SCT016 FEW025CB BKN080 25/24 Q1006 TEMPO 3000 TSRA
2025-09-18T14:00Z,VOMM 181400Z 20007KT 2500 TSRA SCT016 FEW025CB BKN080 25/24 Q1007 NOSIG
2025-09-18T14:30Z,VOMM 181430Z 20006KT 3000 -TSRA SCT018 FEW025CB BKN080 26/24 Q1008 BECMG 5000 -DZ BR
2025-09-18T15:00Z,VOMM 181500Z 22004KT 4000 -TSRA SCT018 FEW025CB BKN080 25/24 Q1008 NOSIG
2025-09-18T15:30Z,VOMM 181530Z 19006KT 4000 -TSRA SCT018 FEW025CB BKN080 25/24 Q1009 NOSIG
2025-09-18T16:00Z,VOMM 181600Z 19006KT 4000 -TSRA SCT018 FEW025CB BKN080 25/24 Q1009 NOSIG
2025-09-18T16:30Z,VOMM 181630Z 20008KT 4000 TS BR SCT018 FEW025CB BKN080 25/24 Q1009 NOSIG
2025-09-18T17:00Z,VOMM 181700Z 19004KT 4000 TS BR SCT018 FEW025CB SCT100 25/24 Q1009 NOSIG
2025-09-18T17:30Z,VOMM 181730Z 22005KT 4000 TS BR SCT018 FEW025CB SCT100 25/24 Q1009 NOSIG
2025-09-19T12:30Z,VOMM 191230Z 28006KT 1500 TSRA SCT018 FEW025CB BKN080 24/23 Q1007 BECMG 3000 -TSRA
2025-09-19T13:00Z,VOMM 191300Z 24004KT 3000 -TSRA SCT018 FEW025CB BKN080 25/23 Q1007 NOSIG
2025-09-19T13:30Z,VOMM 191330Z 26008KT 3000 TS BR SCT018 FEW025CB BKN080 25/24 Q1007 BECMG 5000 BR
2025-09-21T17:00Z,VOMM 211700Z 24012KT 3000 -TSRA SCT018 FEW025CB BKN080 27/25 Q1007 NOSIG
2025-09-21T17:30Z,VOMM 211730Z 22007KT 3000 TS SCT018 FEW025CB BKN080 26/25 Q1007 BECMG 5000 BR
2025-09-22T19:30Z,VOMM 221930Z 21006KT 5000 TS BR SCT018 FEW025CB BKN100 29/27 Q1007 NOSIG
2025-09-22T20:00Z,VOMM 222000Z 22012KT 5000 TS BR SCT018 FEW025CB BKN100 28/25 Q1007 NOSIG
2025-09-22T21:00Z,VOMM 222100Z 27010G20KT 3000 -TSRA SCT018 FEW025CB BKN080 26/24 Q1007 TEMPO 1500 -TSRA
2025-09-22T21:30Z,VOMM 222130Z 27010KT 3000 TS BR SCT018 FEW025CB BKN080 25/23 Q1006 NOSIG
2025-09-22T22:00Z,VOMM 222200Z 30005KT 3000 TS BR SCT018 FEW025CB BKN080 25/23 Q1007 BECMG 5000 BR
2025-09-26T13:00Z,VOMM 261300Z 34005KT 3000 TSRA SCT020 FEW025CB BKN100 27/24 Q1003 NOSIG
2025-09-26T14:30Z,VOMM 261430Z VRB02KT 4000 TS BR SCT020 FEW025CB BKN100 27/25 Q1004 NOSIG
2025-09-26T15:00Z,VOMM 261500Z VRB02KT 4000 TS BR SCT020 FEW025CB BKN100 27/25 Q1005 TEMPO 3000 -TSRA
2025-09-26T16:00Z,VOMM 261600Z 33005KT 3000 TS BR SCT020 FEW025CB BKN100 27/25 Q1006 BECMG 5000 BR
2025-09-26T16:30Z,VOMM 261630Z 28005KT 4000 TS BR SCT020 FEW025CB BKN100 27/25 Q1006 NOSIG
2025-09-26T17:00Z,VOMM 261700Z 29004KT 4000 TS BR SCT020 FEW025CB BKN100 27/25 Q1006 NOSIG
2025-09-26T17:30Z,VOMM 261730Z VRB02KT 4000 TS BR SCT020 FEW025CB BKN100 27/25 Q1006 NOSIG
2025-09-27T13:00Z,VOMM 271300Z 30010G20KT 4000 -TSRA SCT016 FEW025CB BKN080 29/25 Q1004 NOSIG
2025-09-28T21:00Z,VOMM 282100Z COR 26009KT 5000 TS BR SCT018 FEW025CB SCT080 28/26 Q1005 NOSIG
2025-09-28T21:30Z,VOMM 282130Z 25006KT 5000 TS BR SCT018 FEW025CB SCT080 28/26 Q1005 NOSIG
2025-09-29T21:00Z,VOMM 292100Z 03006KT 4000 -TSRA SCT018 FEW025CB BKN080 26/24 Q1004 TEMPO 3000 TSRA
2025-09-29T21:30Z,VOMM 292130Z 00000KT 3000 -TSRA SCT018 FEW025CB BKN080 26/25 Q1004 NOSIG
2025-09-29T22:00Z,VOMM 292200Z 30003KT 3000 -TSRA SCT018 FEW025CB BKN080 26/25 Q1004 NOSIG
2025-09-29T22:30Z,VOMM 292230Z 30003KT 3000 -TSRA SCT018 FEW025CB BKN080 26/25 Q1004 NOSIG
2025-10-02T19:00Z,VOMM 021900Z 22003KT 5000 TS BR SCT020 FEW025CB BKN100 27/25 Q1007 NOSIG
2025-10-02T19:30Z,VOMM 021930Z 22005KT 5000 TS BR SCT020 FEW025CB BKN100 28/26 Q1007 NOSIG
2025-10-02T20:00Z,VOMM 022000Z 28010G25KT 3000 -TSRA SCT018 FEW025CB BKN080 26/24 Q1009 TEMPO 1500 TSRA
2025-10-02T20:30Z,VOMM 022030Z 29006KT 2500 -TSRA SCT018 FEW025CB BKN080 24/23 Q1008 BECMG 3000 -TSRA
2025-10-02T21:00Z,VOMM 022100Z 28004KT 3000 -TSRA SCT018 FEW025CB BKN080 25/23 Q1008 BECMG 5000 -DZ BR
2025-10-03T23:30Z,VOMM 032330Z 26010G20KT 4000 TS BR SCT016 FEW025CB BKN080 26/24 Q1011 TEMPO 3000 -TSRA
2025-10-04T00:30Z,VOMM 040030Z 26012G22KT 4000 -TSRA SCT016 FEW025CB BKN080 26/24 Q1011 TEMPO 3000 -TSRA
2025-10-04T01:00Z,VOMM 040100Z 28015G25KT 3000 TSRA SCT016 FEW025CB BKN080 24/23 Q1012 NOSIG
2025-10-05T09:30Z,VOMM 050930Z 09010G20KT 3000 -TSRA SCT020 FEW025CB SCT100 31/27 Q1006 TEMPO 1500 TSRA
2025-10-05T10:00Z,VOMM 051000Z 19010G20KT 0800 R07/1000 R25/0800 TSRA SCT018 FEW025CB BKN080 24/23 Q1006 BECMG 1500 -TSRA
2025-10-05T11:30Z,VOMM 051130Z 20008KT 4000 TS SCT018 FEW025CB BKN080 26/25 Q1007 NOSIG
2025-10-05T12:00Z,VOMM 051200Z 18004KT 4000 TS SCT018 FEW025CB BKN080 26/25 Q1007 NOSIG
2025-10-06T10:30Z,VOMM 061030Z 32010KT 4000 TS BR SCT018 FEW025CB BKN080 30/27 Q1008 TEMPO 3000 -TSRA
2025-10-06T11:00Z,VOMM 061100Z 33008KT 4000 -TSRA SCT018 FEW025CB BKN080 27/24 Q1008 TEMPO 3000 -TSRA
2025-10-06T11:30Z,VOMM 061130Z VRB03KT 2500 -TSRA SCT018 FEW025CB BKN080 27/25 Q1008 NOSIG
2025-10-06T12:00Z,VOMM 061200Z VRB02KT 2500 TS BR SCT018 FEW025CB BKN080 27/25 Q1008 BECMG 3000 BR
2025-10-09T10:00Z,VOMM 091000Z 23010KT 3000 -TSRA SCT018 FEW025CB BKN080 27/25 Q1007 TEMPO 1500 TSRA
2025-10-09T10:30Z,VOMM 091030Z 14007KT 3000 -TSRA SCT018 FEW025CB BKN080 27/26 Q1007 BECMG 5000 BR
2025-10-10T22:30Z,COR VOMM 102230Z 22007KT 5000 TS BR SCT020 FEW025CB SCT100 27/25 Q1007 TEMPO 3000 -TSRA
2025-10-10T23:00Z,VOMM 102300Z 25008KT 5000 TS BR SCT020 FEW025CB SCT100 27/25 Q1008 TEMPO 3000 -TSRA
2025-10-11T08:00Z,VOMM 110800Z 35008KT 5000 TS HZ SCT020 FEW025CB BKN100 32/26 Q1007 TEMPO 3000 -TSRA
2025-10-11T08:30Z,VOMM 110830Z 02006KT 5000 TS HZ SCT020 FEW025CB BKN100 32/25 Q1007 NOSIG
2025-10-11T12:00Z,VOMM 111200Z 05006KT 4000 TS BR SCT020 FEW025CB BKN100 30/26 Q1006 NOSIG
2025-10-14T22:30Z,VOMM 142230Z 08010KT 2000 TSRA SCT016 FEW025CB BKN080 26/25 Q1006 TEMPO 1500 +TSRA
2025-10-14T23:00Z,VOMM 142300Z 07007KT 2000 -TSRA SCT016 FEW025CB BKN080 25/24 Q1006 BECMG 3000 BR
2025-10-14T23:30Z,VOMM 142330Z 08005KT 2500 -TSRA SCT016 FEW025CB BKN080 25/24 Q1006 NOSIG
2025-10-15T01:30Z,VOMM 150130Z VRB03KT 3500 -TSRA SCT018 FEW025CB BKN080 25/25 Q1008 TEMPO 3000 TSRA
2025-10-15T02:00Z,VOMM 150200Z VRB03KT 3500 -TSRA SCT018 FEW025CB BKN080 25/25 Q1008 NOSIG
2025-10-16T15:00Z,VOMM 161500Z 19005KT 4000 TS BR SCT020 FEW025CB BKN080 29/26 Q1008 TEMPO 3000 -TSRA
2025-10-16T15:30Z,VOMM 161530Z 09005KT 3000 TS BR SCT020 FEW025CB SCT100 28/26 Q1009 BECMG 5000 BR
2025-10-16T17:30Z,VOMM 161730Z 02004KT 5000 TS BR SCT020 FEW025CB SCT100 28/26 Q1009 NOSIG
2025-10-16T19:30Z,VOMM 161930Z VRB03KT 4000 -TSRA SCT020 FEW025CB BKN080 27/26 Q1008 TEMPO 3000 -TSRA
2025-10-16T20:00Z,VOMM 162000Z 13004KT 3000 -TSRA SCT020 FEW025CB BKN080 27/26 Q1008 NOSIG
2025-10-16T20:30Z,VOMM 162030Z 06003KT 2000 TSRA SCT020 FEW025CB BKN080 27/25 Q1008 TEMPO 1500 TSRA
2025-10-16T21:00Z,VOMM 162100Z VRB03KT 2500 TS BR SCT020 FEW025CB BKN080 27/25 Q1008 BECMG 3000 TS BR
2025-10-16T21:30Z,VOMM 162130Z 04002KT 3000 TS BR SCT020 FEW025CB BKN080 26/25 Q1007 NOSIG
2025-10-16T22:00Z,VOMM 162200Z 06004KT 3000 -TSRA SCT020 FEW025CB BKN080 26/25 Q1007 NOSIG
2025-10-16T22:30Z,VOMM 162230Z 07005KT 3000 TS BR SCT020 FEW025CB BKN080 26/25 Q1007 NOSIG
2025-10-16T23:00Z,VOMM 162300Z 09005KT 3000 TS BR SCT020 FEW025CB BKN080 26/25 Q1008 NOSIG
2025-10-16T23:30Z,VOMM 162330Z 03004KT 3000 TS BR SCT020 FEW025CB BKN080 26/24 Q1008 NOSIG
2025-10-17T00:00Z,VOMM 170000Z 07004KT 3000 TS BR SCT020 FEW025CB BKN080 26/25 Q1008 NOSIG
2025-10-17T00:30Z,VOMM 170030Z 04004KT 3000 -TSRA SCT020 FEW025CB BKN080 26/24 Q1008 NOSIG
2025-10-17T01:00Z,VOMM 170100Z 02002KT 3000 -TSRA SCT020 FEW025CB BKN080 26/25 Q1009 NOSIG
2025-10-17T17:00Z,VOMM 171700Z 14008KT 3000 -TSRA SCT018 FEW025CB BKN080 27/26 Q1010 TEMPO 1500 TSRA
2025-10-17T17:30Z,VOMM 171730Z 08004KT 3000 -TSRA SCT018 FEW025CB BKN080 26/25 Q1010 NOSIG
2025-10-17T18:00Z,VOMM 171800Z 14004KT 3000 -TSRA SCT018 FEW025CB BKN080 26/25 Q1010 TEMPO 1500 TSRA
2025-10-17T18:30Z,VOMM 171830Z VRB02KT 3000 -TSRA SCT018 FEW025CB BKN080 26/25 Q1009 NOSIG
2025-10-17T19:00Z,VOMM 171900Z 08003KT 3000 -TSRA SCT018 FEW025CB BKN080 26/25 Q1009 NOSIG
2025-10-17T19:30Z,VOMM 171930Z 06005KT 3000 -TSRA SCT018 FEW025CB BKN080 26/25 Q1008 NOSIG
2025-10-17T20:00Z,VOMM 172000Z 06002KT 3000 -TSRA SCT018 FEW025CB BKN080 26/25 Q1008 NOSIG
2025-10-18T03:30Z,VOMM 180330Z 19004KT 2500 TS BR SCT016 FEW025CB BKN080 25/24 Q1010 NOSIG
2025-10-20T02:00Z,VOMM 200200Z 35003KT 3500 TS BR SCT016 FEW025CB BKN080 26/25 Q1008 NOSIG
2025-10-20T02:30Z,VOMM 200230Z 35003KT 3500 TS BR SCT016 FEW025CB BKN080 26/25 Q1009 NOSIG
2025-10-20T03:00Z,VOMM 200300Z 12015KT 1500 R07/1800 R25/1800 +TSRA SCT016 FEW025CB BKN080 26/24 Q1009 TEMPO 0800 +TSRA
2025-10-20T03:30Z,VOMM 200330Z 06003KT 1500 R07/2000 R25/2000 TS BR SCT016 FEW025CB BKN080 25/24 Q1009 BECMG 3000 -TSRA
2025-10-20T07:00Z,VOMM 200700Z 04010KT 3000 -TSRA SCT016 FEW025CB BKN080 28/26 Q1007 NOSIG
2025-10-20T12:00Z,VOMM 201200Z 05007KT 5000 TS BR SCT018 FEW025CB BKN080 27/25 Q1006 NOSIG
2025-10-21T00:30Z,VOMM 210030Z 04006KT 2000 -TSRA SCT018 FEW025CB BKN100 26/25 Q1006 TEMPO 1500 TSRA
2025-10-21T06:30Z,VOMM 210630Z 15012KT 2500 TSRA SCT018 FEW025CB BKN080 27/26 Q1007 TEMPO 1500 +TSRA
2025-10-21T07:00Z,VOMM 210700Z 07011KT 1500 R07/1600 R25/1800 +TSRA SCT018 FEW025CB OVC080 25/24 Q1007 TEMPO 0800 +TSRA
2025-10-21T07:30Z,VOMM 210730Z 04005KT 1500 R07/2000 R25/2000 TSRA SCT018 FEW025CB OVC080 25/24 Q1007 BECMG 3000 -TSRA
2025-10-21T08:00Z,VOMM 210800Z 02005KT 4000 -TSRA SCT016 FEW025CB OVC080 26/25 Q1006 NOSIG
2025-10-21T08:30Z,VOMM 210830Z 01005KT 4000 -TSRA SCT016 FEW025CB OVC080 26/25 Q1005 TEMPO 3000 -TSRA
2025-10-21T09:00Z,VOMM 210900Z 36003KT 3000 -TSRA SCT016 FEW025CB OVC080 26/25 Q1005 TEMPO 1500 TSRA
2025-10-21T11:30Z,VOMM 211130Z 01005KT 3000 -TSRA SCT016 FEW025CB BKN080 26/25 Q1005 TEMPO 1500 TSRA
2025-10-21T12:00Z,VOMM 211200Z 02005KT 2000 TSRA SCT016 FEW025CB BKN080 26/25 Q1005 TEMPO 1500 +TSRA
2025-10-21T12:30Z,VOMM 211230Z 01005KT 2000 -TSRA SCT016 FEW025CB BKN080 26/25 Q1005 TEMPO 1500 +TSRA
2025-10-21T21:30Z,VOMM 212130Z 10010G20KT 1500 R07/1700 R25/1700 +TSRA SCT016 FEW025CB BKN080 26/26 Q1005 NOSIG
2025-10-21T22:30Z,VOMM 212230Z 11007KT 2500 -TSRA SCT016 FEW025CB BKN080 26/25 Q1005 NOSIG
2025-10-21T23:00Z,VOMM 212300Z 04003KT 2500 TS BR SCT016 FEW025CB BKN080 26/25 Q1005 NOSIG
2025-10-21T23:30Z,VOMM 212330Z 05004KT 2500 TS BR SCT016 FEW025CB BKN080 26/25 Q1005 NOSIG
2025-10-22T00:00Z,VOMM 220000Z 05002KT 2500 -TSRA SCT016 FEW025CB BKN080 26/25 Q1005 NOSIG
2025-10-22T01:00Z,VOMM 220100Z 33003KT 2100 TSRA SCT016 FEW025CB BKN080 26/25 Q1006 TEMPO 1500 +TSRA
2025-10-22T01:30Z,VOMM 220130Z 10004KT 1500 R07/2000 R25/2000 +TSRA SCT016 FEW025CB BKN080 26/25 Q1007 NOSIG
2025-10-22T19:00Z,VOMM 221900Z 15008KT 4000 -TSRA SCT016 FEW025CB BKN080 27/26 Q1008 TEMPO 3000 TSRA
2025-10-22T19:30Z,COR VOMM 221930Z 19010G20KT 1500 R07/1600 R25/1700 +TSRA SCT016 FEW025CB BKN080 26/25 Q1008 TEMPO 0800 +TSRA
2025-10-22T20:00Z,VOMM 222000Z 23004KT 1500 R07/2000 R25/2000 +TSRA SCT016 FEW025CB BKN080 26/24 Q1007 BECMG 3000 TSRA
2025-10-22T20:30Z,VOMM 222030Z 20005KT 3000 TSRA SCT016 FEW025CB BKN080 25/24 Q1006 NOSIG
2025-10-22T21:00Z,VOMM 222100Z VRB03KT 3000 TSRA SCT016 FEW025CB BKN080 25/24 Q1006 NOSIG
2025-10-23T19:00Z,VOMM 231900Z 32015KT 3000 -TSRA SCT018 FEW025CB BKN080 26/24 Q1008 TEMPO 1500 TSRA
2025-10-23T19:30Z,VOMM 231930Z 29014KT 2000 TSRA SCT018 FEW025CB BKN080 25/23 Q1008 TEMPO 1500 TSRA
2025-10-23T20:00Z,VOMM 232000Z 24006KT 2000 TSRA SCT018 FEW025CB BKN080 25/23 Q1008 NOSIG
2025-10-23T20:30Z,VOMM 232030Z 05006KT 2000 TSRA SCT018 FEW025CB BKN080 24/23 Q1007 BECMG 3000 -TSRA
2025-10-23T21:00Z,VOMM 232100Z VRB03KT 3000 -TSRA SCT018 FEW025CB BKN080 24/23 Q1007 NOSIG
2025-10-23T21:30Z,VOMM 232130Z 02004KT 3000 -TSRA SCT018 FEW025CB BKN080 25/24 Q1007 TEMPO 1500 TSRA
2025-10-25T08:30Z,VOMM 250830Z 11004KT 4000 -TSRA SCT018 FEW025CB BKN080 29/26 Q1007 TEMPO 3000 -TSRA
2025-10-25T09:00Z,VOMM 250900Z VRB03KT 4000 TS BR SCT018 FEW025CB BKN080 29/26 Q1007 NOSIG
2025-10-25T09:30Z,VOMM 250930Z VRB03KT 4000 TS BR SCT018 FEW025CB BKN080 30/27 Q1006 NOSIG
2025-10-25T10:30Z,VOMM 251030Z VRB03KT 4000 TS BR SCT018 FEW025CB BKN080 30/27 Q1007 TEMPO 3000 -TSRA
2025-10-25T11:00Z,VOMM 251100Z 33010KT 3000 TS BR SCT018 FEW025CB BKN080 29/26 Q1007 TEMPO 1500 TSRA
2025-10-25T11:30Z,COR VOMM 251130Z 17006KT 0800 R07/2000 R25/2000 TSRA SCT018 FEW025CB BKN080 24/23 Q1007 BECMG 1500 -TSRA
2025-10-25T12:00Z,VOMM 251200Z VRB02KT 3000 TS BR SCT018 FEW025CB BKN080 24/23 Q1007 NOSIG
2025-11-04T12:30Z,VOMM 041230Z 10012KT 1500 TSRA SCT018 FEW025CB BKN100 28/26 Q1008 NOSIG
2025-11-04T13:00Z,VOMM 041300Z 18008KT 2000 -TSRA SCT018 FEW025CB BKN100 25/24 Q1008 BECMG 3000 -TSRA
2025-11-04T13:30Z,VOMM 041330Z 28008KT 3000 TS BR SCT018 FEW025CB BKN100 26/25 Q1009 BECMG 5000 BR
2025-11-04T14:00Z,VOMM 041400Z 27004KT 4000 TS BR SCT018 FEW025CB BKN100 26/25 Q1009 NOSIG
2025-11-04T14:30Z,VOMM 041430Z VRB03KT 4000 TS BR SCT018 FEW025CB BKN100 26/24 Q1010 NOSIG
2025-11-05T15:00Z,VOMM 051500Z 35012KT 3000 TSRA SCT018 FEW025CB BKN080 26/23 Q1010 TEMPO 1500 +TSRA
2025-11-05T15:30Z,VOMM 051530Z 20004KT 3000 -TSRA SCT018 FEW025CB BKN080 25/23 Q1010 BECMG 5000 -DZ
2025-11-07T07:00Z,VOMM 070700Z 36004KT 1800 1500S -TSRA FEW020 SCT025 SCT030CB SCT035TCU 30/25 Q1009 REBR TEMPO FM0700 TL0800 2500 HZ
2025-11-21T17:00Z,VOMM 211700Z 04005KT 4000 TS BR SCT018 FEW025CB SCT080 25/24 Q1014 NOSIG
2025-11-21T17:30Z,VOMM 211730Z VRB02KT 4000 TS BR SCT018 FEW025CB SCT080 26/25 Q1013 TEMPO 3000 -TSRA
2025-11-21T18:00Z,VOMM 211800Z 02006KT 4000 TS BR SCT018 FEW025CB SCT080 26/25 Q1013 NOSIG
2025-11-21T18:30Z,VOMM 211830Z VRB03KT 4000 TS BR SCT018 FEW025CB SCT080 26/24 Q1013 TEMPO 3000 -TSRA
2025-11-29T01:00Z,VOMM 290100Z 08010G20KT 2000 TSRA SCT016 FEW025CB BKN080 24/23 Q1010 NOSIG
2025-11-29T17:30Z,VOMM 291730Z 07008G18KT 3000 -TSRA SCT016 FEW025CB BKN080 24/22 Q1008 NOSIG
2025-12-01T08:30Z,VOMM 010830Z 36010G20KT 2000 TSRA SCT015 FEW025CB OVC080 25/24 Q1005 NOSIG
2025-12-01T09:00Z,VOMM 010900Z 36015KT 2000 TSRA SCT015 FEW025CB OVC080 25/24 Q1005 TEMPO 1500 +TSRA
2025-12-01T09:30Z,VOMM 010930Z 01010G20KT 1500 +TSRA SCT015 FEW025CB OVC080 25/24 Q1005 NOSIG
2025-12-01T10:00Z,VOMM 011000Z 03015KT 1500 TSRA SCT015 FEW025CB OVC080 25/24 Q1005 NOSIG
2025-12-01T10:30Z,VOMM 011030Z 02015KT 1500 -TSRA SCT015 FEW025CB OVC080 25/24 Q1005 BECMG 3000 -TSRA
2025-12-01T13:00Z,VOMM 011300Z 36014KT 2500 -TSRA SCT015 FEW025CB OVC080 25/24 Q1007 NOSIG
2025-12-01T13:30Z,VOMM 011330Z 01010G20KT 2500 TSRA SCT015 FEW025CB OVC080 25/24 Q1007 NOSIG
2025-12-01T14:00Z,VOMM 011400Z 36010G20KT 2500 TSRA SCT015 FEW025CB OVC080 25/24 Q1008 TEMPO 1500 +TSRA
2025-12-01T14:30Z,VOMM 011430Z 36010G20KT 2500 TSRA SCT015 FEW025CB OVC080 25/24 Q1008 NOSIG
2025-12-01T15:00Z,VOMM 011500Z 35010G20KT 2500 TSRA SCT015 FEW025CB OVC080 25/24 Q1008 TEMPO 1500 +TSRA
2025-12-01T15:30Z,VOMM 011530Z 36010G20KT 2000 TSRA SCT015 FEW025CB OVC080 25/24 Q1009 NOSIG
2025-12-01T16:00Z,VOMM 011600Z 35012KT 2000 -TSRA SCT015 FEW025CB OVC080 25/24 Q1009 BECMG 3000 BR
2025-12-01T16:30Z,VOMM 011630Z 35012KT 2500 -TSRA SCT015 FEW025CB OVC080 25/24 Q1009 NOSIG
2025-12-01T17:00Z,VOMM 011700Z 34010KT 2500 TSRA SCT015 FEW025CB OVC080 25/24 Q1009 TEMPO 1500 +TSRA
2025-12-01T17:30Z,VOMM 011730Z 35010KT 2000 TSRA SCT015 FEW025CB OVC080 25/24 Q1009 NOSIG
2025-12-01T18:00Z,VOMM 011800Z 35010G20KT 2000 TSRA SCT015 FEW025CB OVC080 25/24 Q1008 TEMPO 1500 +TSRA
2025-12-01T18:30Z,VOMM 011830Z 35010G20KT 1500 R07/2000 R25/2000 +TSRA SCT015 FEW025CB OVC080 25/24 Q1008 NOSIG
2025-12-01T19:00Z,VOMM 011900Z 35013KT 1500 R07/2000 R25/2000 +TSRA SCT015 FEW025CB OVC080 25/24 Q1008 NOSIG
2025-12-01T19:30Z,VOMM 011930Z 35008G18KT 1500 R07/2000 R25/2000 +TSRA SCT015 FEW025CB OVC080 25/24 Q1008 NOSIG
2025-12-01T20:00Z,VOMM 012000Z 34008G18KT 1500 R07/2000 R25/2000 +TSRA SCT015 FEW025CB OVC080 25/24 Q1007 NOSIG
2025-12-01T20:30Z,VOMM 012030Z 32015KT 1500 R07/2000 R25/2000 TSRA SCT015 FEW025CB OVC080 24/23 Q1007 NOSIG
2025-12-01T21:00Z,VOMM 012100Z 32015KT 1500 R07/2000 R25/2000 +TSRA SCT015 FEW025CB OVC080 24/23 Q1006 NOSIG
2025-12-01T21:30Z,VOMM 012130Z 34014KT 1500 R07/2000 R25/2000 +TSRA SCT015 FEW025CB OVC080 24/23 Q1006 NOSIG
2025-12-02T02:30Z,VOMM 020230Z 02012KT 1500 R07/2000 R25/2000 -TSRA SCT015 FEW025CB OVC080 24/23 Q1009 NOSIG
2025-12-02T03:30Z,VOMM 020330Z 36012KT 1500 R07/2000 R25/2000 -TSRA SCT015 FEW025CB OVC080 24/23 Q1010 TEMPO 0800 +TSRA
2025-12-02T04:00Z,VOMM 020400Z 36013KT 1500 R07/2000 R25/2000 -TSRA SCT015 FEW025CB OVC080 24/23 Q1010 TEMPO 0800 +TSRA
2025-12-02T04:30Z,VOMM 020430Z 36015KT 1500 R07/2000 R25/2000 +TSRA SCT015 FEW025CB OVC080 24/23 Q1009 TEMPO 0800 +TSRA
2025-12-02T05:00Z,VOMM 020500Z 36013KT 1500 R07/2000 R25/2000 +TSRA SCT015 FEW025CB OVC080 24/23 Q1010 TEMPO 0800 +TSRA
2025-12-02T05:30Z,VOMM 020530Z 03010KT 1500 R07/2000 R25/2000 +TSRA SCT015 FEW025CB OVC080 24/24 Q1010 NOSIG
2025-12-02T06:00Z,VOMM 020600Z 02010KT 1500 R07/2000 R25/2000 TSRA SCT015 FEW025CB OVC080 25/24 Q1009 NOSIG
2025-12-02T06:30Z,VOMM 020630Z 02010KT 1500 R07/2000 R25/2000 -TSRA SCT015 FEW025CB OVC080 24/24 Q1008 BECMG 3000 -TSRA
2025-12-02T07:00Z,VOMM 020700Z 01010KT 2000 -TSRA SCT015 FEW025CB OVC080 24/24 Q1008 BECMG 3000 -TSRA
2025-12-02T15:30Z,VOMM 021530Z 01008KT 2500 -TSRA SCT015 FEW025CB OVC080 24/23 Q1010 NOSIG
2025-12-02T16:00Z,VOMM 021600Z 01006KT 2500 TSRA SCT015 FEW025CB OVC080 25/24 Q1010 TEMPO 1500 TSRA
2025-12-02T16:30Z,VOMM 021630Z 01006KT 2500 -TSRA SCT015 FEW025CB OVC080 25/24 Q1010 TEMPO 1500 TSRA
2025-12-02T17:00Z,VOMM 021700Z 05006KT 2500 -TSRA SCT015 FEW025CB OVC080 25/24 Q1010 TEMPO 1500 TSRA
2025-12-02T17:30Z,VOMM 021730Z 06011KT 2500 -TSRA SCT015 FEW025CB OVC080 25/24 Q1010 NOSIG
2025-12-02T18:00Z,VOMM 021800Z 08012KT 2500 -TSRA SCT015 FEW025CB OVC080 25/24 Q1009 TEMPO 1500 TSRA
2025-12-02T18:30Z,VOMM 021830Z 08013KT 2500 -TSRA SCT015 FEW025CB OVC080 26/25 Q1009 TEMPO 1500 TSRA
2025-12-02T19:00Z,VOMM 021900Z 07012G22KT 2500 -TSRA SCT015 FEW025CB OVC080 25/24 Q1009 TEMPO 1500 TSRA
2025-12-02T19:30Z,VOMM 021930Z 07010G20KT 2500 -TSRA SCT015 FEW025CB OVC080 24/23 Q1008 NOSIG
2025-12-02T20:00Z,VOMM 022000Z 07012KT 2500 -TSRA SCT015 FEW025CB OVC080 24/23 Q1008 TEMPO 1500 TSRA
2025-12-02T20:30Z,VOMM 022030Z 09010G20KT 2500 -TSRA SCT015 FEW025CB OVC080 25/24 Q1008 TEMPO 1500 TSRA
2025-12-02T21:00Z,VOMM 022100Z 08012KT 2500 -TSRA SCT015 FEW025CB OVC080 25/24 Q1009 TEMPO 1500 TSRA
2025-12-02T21:30Z,VOMM 022130Z 09011KT 2500 -TSRA SCT015 FEW025CB OVC080 25/24 Q1008 TEMPO 1500 TSRA
2025-12-02T22:00Z,COR VOMM 022200Z 13010G20KT 2500 TSRA SCT015 FEW025CB OVC080 25/24 Q1008 TEMPO 1500 +TSRA
2025-12-02T22:30Z,VOMM 022230Z 13010G20KT 2500 -TSRA SCT015 FEW025CB OVC080 24/23 Q1008 NOSIG
2025-12-02T23:00Z,VOMM 022300Z 13013KT 2500 -TSRA SCT015 FEW025CB OVC080 24/24 Q1009 NOSIG
2025-12-02T23:30Z,VOMM 022330Z 12012KT 2500 -TSRA SCT015 FEW025CB OVC080 25/24 Q1009 NOSIG
2025-12-03T00:00Z,VOMM 030000Z 12010KT 3000 -TSRA SCT015 FEW025CB OVC080 25/24 Q1009 NOSIG
2025-12-03T00:30Z,VOMM 030030Z 11010KT 3000 TS -DZ SCT015 FEW025CB OVC080 25/24 Q1010 NOSIG
2025-12-03T01:00Z,VOMM 030100Z 10008KT 3000 TS -DZ SCT015 FEW025CB OVC080 25/24 Q1010 TEMPO 1500 -TSRA
2025-12-03T01:30Z,VOMM 030130Z 08010KT 3000 -TSRA SCT015 FEW025CB OVC080 25/24 Q1010 TEMPO 1500 TSRA
2025-12-03T02:00Z,VOMM 030200Z 10010KT 3000 -TSRA SCT015 FEW025CB OVC080 26/25 Q1011 NOSIG
2025-12-03T02:30Z,VOMM 030230Z 14006KT 3000 -TSRA SCT015 FEW025CB OVC080 26/25 Q1011 NOSIG
2025-12-03T03:00Z,VOMM 030300Z 14007KT 3000 -TSRA SCT015 FEW025CB OVC080 26/25 Q1012 NOSIG
2025-12-03T03:30Z,VOMM 030330Z 14005KT 3000 -TSRA SCT015 FEW025CB OVC080 26/25 Q1012 TEMPO 1500 +RA
2025-12-03T10:00Z,VOMM 031000Z 35008KT 2100 -TSRA SCT015 FEW025CB OVC080 26/25 Q1010 NOSIG
2025-12-03T10:30Z,VOMM 031030Z 05008KT 2100 -TSRA SCT015 FEW025CB OVC080 25/24 Q1010 TEMPO 1500 TSRA
2025-12-03T11:00Z,VOMM 031100Z 07008KT 2100 -TSRA SCT015 FEW025CB OVC080 25/24 Q1011 TEMPO 1500 TSRA
2025-12-03T11:30Z,VOMM 031130Z 06008KT 2000 -TSRA SCT015 FEW025CB OVC080 25/24 Q1011 NOSIG
2025-12-03T12:00Z,VOMM 031200Z 07007KT 2000 TSRA SCT015 FEW025CB OVC080 25/24 Q1011 TEMPO 1500 TSRA
2025-12-03T13:30Z,COR VOMM 031330Z 09008KT 2500 -TSRA SCT015 FEW025CB OVC080 25/24 Q1012 NOSIG
2025-12-03T14:00Z,VOMM 031400Z 03005KT 2000 TSRA SCT015 FEW025CB OVC080 25/24 Q1013 NOSIG
2025-12-03T14:30Z,VOMM 031430Z VRB02KT 2000 TSRA SCT015 FEW025CB OVC080 25/24 Q1013 TEMPO 1500 +TSRA
2025-12-03T15:00Z,VOMM 031500Z 05003KT 2000 TSRA SCT015 FEW025CB OVC080 25/24 Q1013 NOSIG
2025-12-04T07:00Z,VOMM 040700Z 02007KT 3000 -TSRA SCT018 FEW025CB BKN080 26/24 Q1013 TEMPO 1500 TSRA
2025-12-04T07:30Z,VOMM 040730Z 05006KT 2000 TSRA SCT018 FEW025CB BKN080 25/24 Q1013 BECMG 3000 -TSRA
2025-12-04T08:00Z,VOMM 040800Z 05006KT 2500 -TSRA SCT018 FEW025CB BKN080 25/24 Q1012 BECMG 3000 -TSRA
2025-12-04T16:00Z,VOMM 041600Z 01004KT 3000 TS BR SCT018 FEW025CB SCT100 25/24 Q1015 TEMPO 1500 TSRA
2025-12-04T22:30Z,VOMM 042230Z 01004KT 2000 TS BR SCT018 FEW025CB SCT080 25/24 Q1013 NOSIG
2025-12-04T23:00Z,VOMM 042300Z VRB02KT 2000 TS -DZ SCT018 FEW025CB SCT080 25/24 Q1013 NOSIG
2025-12-04T23:30Z,VOMM 042330Z 32004KT 2000 TS -DZ SCT018 FEW025CB SCT080 25/24 Q1013 NOSIG
2025-12-05T00:00Z,VOMM 050000Z VRB02KT 2000 TS -DZ SCT018 FEW025CB SCT080 25/24 Q1013 NOSIG
2025-12-05T00:30Z,VOMM 050030Z VRB02KT 2000 TS -DZ SCT018 FEW025CB SCT080 25/24 Q1013 NOSIG
